Url,Name,Price,Rating,No of Reviews
/American-Tourister-AMT-SCH-02/dp/B07CJCGM1M,American Tourister 32 Ltrs Black Casual Backpack (AMT FIZZ SCH BAG 02 - BLACK),"1,199",4.1,"(52,288)"
/Skybags-Brat-Black-Casual-Backpack/dp/B08Z1HHHTD,Skybags Brat Black 46 Cms Casual Backpack,659,4.1,"(3,770)"
/Wesley-Milestone-Waterproof-Backpack-Business/dp/B084JGJ8PF,Wesley Milestone 2.0 Casual Waterproof Laptop Backpack/Office Bag/School Bag/College Bag/Business Bag/Travel Backpack (Dimensions:13x18 inches) (Compatible with 39.62cm(15.6inch laptop) 30 L (Blue & black),565,4.3,"(9,794)"
/Lavie-Sport-Duffle-Luggage-Trolley/dp/B097RJ22Q3,Lavie Sport Lino Large Size 63 cms Wheel Duffle Bag for Travel | Travel Bag with Trolley,949,3.9,"(6,297)"
/ADISA-Laptop-Backpack-Office-College/dp/B09TPX22NF,ADISA 15.6 inch Laptop Backpack Office Bag College Travel Back Pack 32 Ltrs (z-Navy Blue),499,3.8,(566)
/Half-Moon-Waterproof-Backpack-Students/dp/B085MHDJ93,Half Moon 35 L Waterproof Laptop College School Office Bag Backpack for Men Women Boys Girls with 15.6 inch Padded Laptop Compartment & Rain Cover (Navy_Blue),689,3.9,"(15,248)"
/SAFARI-Ltrs-Casual-Backpack-DAYPACKNEO15CBSEB/dp/B07Q7CNPMV,SAFARI 15 Ltrs Sea Blue Casual/School/College Backpack (DAYPACKNEO15CBSEB),299,4.0,"(18,009)"
/GEAR-Black-Blue-Backpack-years/dp/B019HA8AYG,Gear CarryOn 16L Foldable Water Resistant School Bag//Backpack/College Bag for Men/Women - Blue Black,214,3.7,"(6,056)"
/Half-Moon-Spacious-Backpack-Compartment/dp/B0BLVQ9NTD,Half Moon Strike 35L Unisex Spacious School/Laptop/College/Office Travel Backpack Bag for Men Women Boys & Girls with 15.6 inch Padded Laptop Compartment & Multiple Pockets,699,3.7,(115)
/American-Tourister-BACKPACK-COMPARTMENT-ORGANIZER/dp/B0BTD4FK9G,"American Tourister VALEX BLUE LAPTOP BACKPACK 28 Ltrs,Volume, LAPTOP COMPARTMENT, BOTTLE POCKET, FRONT ORGANIZER","1,299",4.1,(8)
/Half-Moon-Backpack-Compartment-Reflective/dp/B0BJ32LQ6X,Half Moon Large 37L Laptop Bag Backpack for menं Women Boys and Girls Luggage Travel Bags with 17.3 inches Laptop Compartment & Rain Cover,849,3.9,"(2,340)"
/Backpack-Small-Black-Water-Repellant/dp/B088XB5XY8,"Mi Step Out 12 L Mini Backpack (Small Size, Black, Water Repellant)",398,4.1,"(8,155)"
/Gear-Classic-Leather-Backpack-LBPCLSLTH0201/dp/B07G4F6XFH,Gear Classic 20L Faux Leather Water Resistant Anti Theft Laptop Bag/Backpack for Men/Women-Brown,"1,075",4.4,"(5,454)"
/Safari-Laptop-Backpack-Resistant-Fabric/dp/B09B25Z8M2,"Safari Quill Laptop Backpack 26 Ltrs Water Resistant Fabric - Black, L (QUILL19CBBLK)",799,3.9,(715)
/ADISA-BP005-Weight-Casual-Backpack/dp/B07F3X45WZ,ADISA Light Weight Laptop Backpack 32 Ltrs,499,4.0,"(5,646)"
/ADISA-Laptop-Backpack-Office-College/dp/B0BPVLXD53,ADISA 35L Large Laptop Backpack Office Bag College Travel Back Pack with rain Cover (Grey),599,4.0,(31)
/Half-Moon-Backpack-Luggage-Compartment/dp/B09VCLZ3K4,Half Moon Large 37L Laptop Bag Backpack for menं Women Boys and Girls Luggage Travel Bags with 17.3 inches Laptop Compartment & Rain Cover,849,3.9,"(2,340)"
/Gear-Black-Laptop-Backpack-LBPASPIRE0104/dp/B075MK4TXP,Gear Aspire 30L Water Restant Office Laptop Bag/Backpack for Men/Women/(Black),"1,131",4.3,"(5,161)"
/ADISA-BP004-Weight-Casual-Backpack/dp/B07G3CG9FC,ADISA Laptop Backpack 31 Ltrs,499,4.0,"(9,083)"
/Wesley-Milestone-Waterproof-Backpack-Business/dp/B07PLKV6D1,Wesley Milestone 15.6 inch 25 L Casual Waterproof Laptop Backpack/Office Bag/School Bag/College Bag/Business Bag/Unisex Travel Backpack,473,4.3,"(12,341)"
/DZert-Panda-School-Backpacks-Cartoon/dp/B07Y2BFJ1B,DZert Kids School Bag Soft Plush Backpacks Cartoon Boys Girls Baby (2-5 Years),239,3.7,"(11,145)"
/Lunars-Comet-Resistant-Casual-Backpack/dp/B07WNFN1XS,Lunar's Comet 35L Water Resistant Travel Bagpack/College Backpack/School Bag/Office Bag/Business Backpack/Daypack for Men and Women with 1 Year Warranty,799,4.0,"(12,983)"
/Safari-Backpack-Resistant-Polyester-Travelling/dp/B09B29F66W,"Safari Flash Casual Backpack, 26 ltr Water Resistant Travel Bags| Weight Polyester Bagpack for Men and Women, Spacious Shoulder Bag for College, Office, Travelling and Camping",799,3.9,"(2,428)"
/American-Tourister-AMT-SCH-BAG01/dp/B07CJCFNZG,American Tourister Casual Backpack,"1,139",4.1,"(14,461)"
/F-Gear-Luxur-Brown-Backpack/dp/B01F7AX9ZA,F Gear Luxur Brown 25 liter Laptop Backpack (2404),"1,032",4.4,"(16,463)"
/ADISA-Laptop-Backpack-Office-College/dp/B0BPVCBFM7,ADISA 35L Large Laptop Backpack Office Bag College Travel Back Pack with rain Cover (Green),599,4.0,(31)
/Step-Backpack-Small-Water-Repellant/dp/B088XH1BP7,"Mi Step Out 12 L Mini Backpack (Small Size, Dark Blue, Water Repellant)",299,4.1,"(8,155)"
/AirCase-C34-Laptop-Backpack-Women/dp/B07QN4KXWG,"AirCase Laptop Bag Backpack Case Pouch for Laptop Backpack for Men & Women,Premium Vegan Leather",929,3.9,(751)
/TRAWOC-Backpack-Trekking-Rucksack-Warranty/dp/B0847PGZZM,TRAWOC 80L Travel Backpack for Men & Women Outdoor Sport Camp Hiking Trekking Bag Camping Rucksack,"2,380",4.4,"(6,925)"
/Kleider-Travel-Business-Messenger-Shoulder/dp/B084ZHP97M,DEIN KLEIDER Men's Nylon Messenger Bag,349,4.0,"(4,564)"
/Lify-Womens-Shoulder-Crossbody-Handbag/dp/B09JWMW646,Lify Women's Retro Large Size Canvas Shoulder Bag Hobo Crossbody Handbag Casual Tote - 1 Piece,320,3.8,"(1,316)"
/ASTRID-Round-Textured-Magical-Maroon/dp/B09DCTPZ2Q,ASTRID Round Textured Sling Bag For Girls With Zip,399,3.8,(197)
/ALIZA-Womens-Tote-Bag-Tan/dp/B08JHMJK8K,ALIZA Women's Tote Bag,423,4.0,"(7,854)"
/ZIPLINE-Polyester-Backpack-Children-Daypack/dp/B07XVMR33Q,Zipline Unisex casual polyester 36 L Backpack School Bag Women Men Boys Girls children Daypack College Bag Book School Sports Bag Weekend Bag,834,4.0,"(5,130)"
/Safari-Laptop-Backpack-Resistant-Fabric/dp/B09B28TKLG,"Safari Quill Laptop Backpack 26 Ltrs Water Resistant Fabric - Blue, L (QUILL19CBBLU)",799,4.1,(493)
/YuvKuz-TM-Infocus-Digitizer-Assembly/dp/B07MXNWTB2,Lavie Women's Nova Tote Bag | Ladies Purse Handbag,989,4.2,"(7,453)"
/Nivia-6853-Polyester-Basic-Duffle/dp/B07FWQ9HRV,NIVIA Basic Duffle Polyester Bag/Gym Bags/Adjustable Shoulder Bag for Men/Duffle Gym Bags for Men/Fitness Bag/Carry Bags/Sports & Travel Bag/Sports Kit/Duffle Bags Travel,239,4.0,"(3,114)"
/Wesley-Spartan-Hiking-Raincover-Organiser/dp/B098QFF5TJ,Wesley Spartan Unisex Travel Hiking Laptop Bag fits Upto 17.3 inch with Raincover and Internal Organiser Backpack Rucksack College Bag,790,4.1,"(1,044)"
/Resistant-Photography-Accessories-Compatible-Panasonic/dp/B0BRJLWQ6R,"DYAZO Water Resistant Camera Bag/Case Shoulder Strap Space for Photography Lens and Accessories Compatible for Nikon, Canon, Sony, Panasonic, Samsung & Other SLR/DSLR etc (Black & Silver)",699,4.7,(62)
/Lavie-Beech-Womens-Satchel-Handbag/dp/B096KTWTXC,Lavie Women's Beech Satchel Bag | Ladies Purse Handbag,"1,389",4.2,"(3,768)"
/Lenovo-15-6-Inches-Everyday-Backpack/dp/B08R7RPVJF,"Lenovo 15.6"" (39.62cm) Slim Everyday Backpack, Made in India, Compact, Water-resistant, Organized storage:Laptop sleeve,tablet pocket,front workstation,2-side pockets,Padded adjustable shoulder straps",652,4.4,"(2,724)"
/Tabelito-Laptop-Backpack-15-6-inch-Repellent/dp/B08Y5S6C2P,"Tabelito® Casual Laptop Bag 15.6inch (39.6 cm) , 25 LTR Office College School Bags Business Travel Backpack for Men Women Water Resistant Bags(BLACK)",549,4.2,"(1,597)"
/Nivia-5227-Pulse-Junior-Others/dp/B08D7QG33Z,"Nivia 5227 Pulse Junior Bag, Others (Orange) (Sky Blue)",294,3.8,(155)
/Wooum-Resistant-Material-Messenger-Compartment/dp/B09KV7Y3KL,Wooum Water Resistant Material Sling Bag/One Side Bag/Shoulder Bag/Messenger Bag/Office Messenger Bag/Travel Side Bag with 14.1 Inch Laptop Compartment -,474.,3.9,(220)
/AUXTER-BLACKY-Duffel-Emboss-Black/dp/B07F2H25NP,AUXTER Faux Leather 23 Cms Duffle Bag(AUX_GB_LE_Black -SE_0521_Black),376,4.3,"(8,907)"
/Nivia-5183-Polyester-Duffle-Medium/dp/B071KNXQ7Y,NIVIA Beast Gym Bag-4 Polyester/Unisex Gym Bags/Shoulder Bag for Men & Women with Separate Shoes Compartment/Carry Gym Accessories/Fitness Bag/Sports & Travel Bag/Sports Kit,529,4.2,"(3,762)"
/Vivinkaa-Womens-Sling-Bag-Blue/dp/B077WSKG53,"Vivinkaa Sling Bag for Women stylish Latest Branded, Sling Bag Women, Sling Bags for Women I Ethnic Printed Purse for women, Indigo",499,3.8,"(1,811)"
/ADISA-Women-Girls-Floral-SL5072-CRE_Cream/dp/B09B56BCXR,ADISA Women Girls Floral Print Sling Bag,495,4.2,"(1,208)"
/ADISA-Laptop-Backpack-College-z-Black/dp/B09TPY1G1W,ADISA 15.6 inch Laptop Backpack Office Bag College Travel Back Pack 32 Ltrs (z-Black),499,3.8,(566)
/Nivia-String-5177NB-Polyester-Navy/dp/B071H3HLVV,Nivia Polyester String Bag,193,4.1,(992)
/Storite-Leather-Sling-Coffee-Brown/dp/B0983N9GXN,"Storite Stylish Small PU Leather Sling Cross Body Travel Office One Side Shoulder Bag for Men Women (25 cm x 11 cm x 20 cm, Coffee Brown)",799,4.0,(557)
/VIP-Endura-Puller-Brown-Duffle/dp/B0B527KJQZ,VIP Polypropylene 48 Cms Travel Bag(DFENDEBRN_Brown),899,4.3,(404)
/Half-Moon-Travelling-Rucksack-Compartment/dp/B09WDGZ32L,Half Moon 55 litres Travelling Laptop Bag/Rucksack Backpack for Luggage Travel Journey Trekking Hiking Bags for Men Women Boys and Girls with Laptop Compartment & Rain Cover,979,4.0,(330)
/Li-Ning-Panther-Double-Polyester-Badminton/dp/B09VDQDXWN,Li-Ning Panther Double Zipper Polyester Badminton Kit Bag,999,4.3,(314)
/Jaden-Black-Theft-Waterproof-Backpack/dp/B07B1TFJ7M,FUR JADEN 15.6 Anti Theft Laptop Backpack with USB Charging Port Unisex Bag for College Office Suitable for Men Women,789,4.0,"(5,804)"
/NETTIE-Cotton-Carry-Strap-Drawstring/dp/B08LBT1R9J,NETTIE Cotton Carry Bag with Strap and Drawstring for Yoga Mat- Big Size,198,4.1,"(1,004)"
/Amazon-Brand-Solimo-Sling-Maroon/dp/B07S63LC4P,Amazon Brand - Solimo Sling Bag (Maroon),219,3.9,(239)
/Dell-Pro-Slim-Backpack-15/dp/B07PMQTB6T,"Dell Pro Slim Backpack 15 - PO1520PS - Fits Most laptops up to 38.1 cm (15 inches, Black)","1,599",4.3,(397)
/Trajectory-Elegant-15-6-Laptop-Office/dp/B09RK6NCGC,Trajectory 100% Vegan Leather 16 Inch Laptop Office Messenger bag for all laptop like Apple MacBook with 2 Years Warranty and Spacious Multiple Compartment with Expandable Bottom Used as Shoulder and Handbag for Men and Women,"1,399",4.2,(311)
/ADISA-BP010-Weight-Casual-Backpack/dp/B07MXJPBZJ,ADISA 32 Ltrs Water Resistant Casual Travel Bagpack/College Backpack/School Office Bag for Men and Women,499,3.9,"(3,774)"
/Safari-Spartan-Water-Resistant-Backpack/dp/B09B26MB5M,"Safari Spartan 21 Ltrs Water Resistant Backpack - Blue, S (SPARTAN19CBBLU)",599,3.8,(679)
/DZert-School-Polyester-Backpack-White/dp/B07GXYHFCY,DZert Clasy Laptop Bag College Bag for Boys Girls 21 L Blue White,296,3.8,"(2,291)"
/Wooum-Resisitance-Shoulder-Business-Messenger/dp/B0993Q72WD,Wooum Sling Cross Body Bag/One Side Bag/Shoulder Bag/Office Business Messenger Bag/Money Bag for Men and Women - Water Resisitance,328.,4.0,(615)
/F-Gear-Enzo-Black-Blue-Waist-Bag/dp/B0862LXJYT,F Gear Enzo Sports Waist Bag (.Black Blue),200,4.2,"(1,111)"
/DZert-Kids-Grey-School-Years/dp/B07QD1M3R9,DZert Kids School Bag Soft Plush Backpacks Cartoon Boys Girls Baby (2-5 Years),219,3.7,"(3,003)"
/Wooum-travel-office-business-Messenger/dp/B08RWR63JD,Wooum Water Resistance Side Bag/Travel Bag/Office Business Bag/Cross Body Bag/Messenger Bag/Sling Bag for Men and Women,298.,4.1,(130)
/American-Tourister-BACKPACK-COMPARTMENT-ORGANIZER/dp/B0BTD4S4XF,"American Tourister VALEX BLACK LAPTOP BACKPACK 28 Ltrs,Volume, LAPTOP COMPARTMENT, BOTTLE POCKET, FRONT ORGANIZER","1,299",4.1,(8)
/Storage-Disposable-Freezer-Feeding-Transparent/dp/B099ZVTNCP,"Luv Lap Baby Breast Milk Storage Bags (Pack of 50), BPA Free Disposable Milk Freezer Bags for Breast Feeding, Transparent",569,4.4,(561)
/Fostelo-Style-Diva-Womens-Handbag/dp/B00Z0NMFKU,Fostelo Handbag For Women And Girls | Ladies Purse Faux Leather Satchel Bag | Woman Gifts | Wedding Gifts For Women | Women 2 Compartments Bag | Travel Purse Hobo Bag | 4 Pockets Shoulder Bag,629,3.9,"(7,100)"
/BennettTM-Mystic-Shoulder-Messenger-Repellent/dp/B09321GJXZ,Bennett™ Mystic 15.6 inch (39.6cm) Laptop Briefcase Shoulder Sling Office Business Professional Travel Messenger Bag for Men and Women Water Repellent Formal Executive Bags (Grey) 6 Months Warranty,512,4.1,"(5,212)"
/Hilfiger-Joshua-Backpack-TH-JOSHUALAP01/dp/B07N8GRWTZ,Tommy Hilfiger Joshua 15 inch 21 Ltrs Light Grey Laptop Backpack (TH/JOSHUALAP07),"2,239",3.9,(399)
/BROGBUS-Business-Messenger-Sling-10-05inch/dp/B09QLD9GJY,"BROGBUS pu Leather Men Bag Casual Business Messenger Bag for Cross body Bag Male Shoulder Bags PU Leather Sling Messenger Bag (Brown, L- 10.05inch H- 11.5inch W- 3inch)",939,4.1,(426)
/Genie-Ltrs-School-Backpack-SPRAY19SBBLU/dp/B07QFF2RZR,"Genie Spray School Bag for Girls, 19 inch Backpack for Women, 3 compartments Water Resistant Stylish and Trendy College Backpacks for Girls",999,4.1,"(1,232)"
/Lenovo-Laptop-Backpack-15-6-Inch-GX40Q17225/dp/B075Y72PHZ,Lenovo Casual Laptop Backpack B210 15.6-inch(39.6cm) Water Repellent Black,799,4.2,"(54,726)"
/Lavie-Broxa-Womens-Sling-Plum/dp/B08JDG1NKX,Lavie Women's Broxa Flap Over Sling Bag | Ladies Purse Handbag,999,4.2,"(5,676)"
/DZert-Fabric-Multicolour-Spiderman-Printed/dp/B07BNS3KNX,DZert Kids School Bag Soft Plush Backpacks Cartoon Boys Girls Baby (2-5 Years),239,3.8,"(1,399)"
/Gear-Ltrs-Casual-Backpack-MDBKPECO50504/dp/B0757K36YV,Gear Moderneco5 21L Water Resistant School Bag/Backpack/College Bag For Men/Women - Navyblue,440,3.9,"(2,527)"
/ADISA-Laptop-Backpack-Office-College/dp/B0BPTT2HZY,ADISA 35L Large Laptop Backpack Office Bag College Travel Back Pack with rain Cover (Navy),599,4.0,(31)
/Shoulder-Backpacks-Crossbody-Backpack-Daypacks/dp/B07TT79C33,"AH Arctic Hunter Slim Sling Bags, Chest Shoulder Bag,Sling Backpacks Outdoor Crossbody Backpack Thin Daypacks for Travel with Earphone Port Men Women","1,329",4.4,(645)
/F-Gear-String-Polyester-33-cms-Black-Drawstring-Gym-Bag/dp/B07PC28YQ9,F Gear String 11 Ltrs Nylon Black Gym Bag,189,4.0,(436)
/wolpin-Waterproof-Messenger-Crossbody-Shoulder/dp/B0B7SL3KCS,wolpin Waterproof Oxford cloth Messenger Bag Sling Bag for Men & Women Crossbody Small Shoulder Chest Anti Theft Travel Personal Pocket Bag Casual Backpack (Black),329,3.5,(11)
/Boldfit-Travel-Accessories-Purse-Mobile/dp/B0BJZQ3ZR9,Boldfit Waist Bag for Men Travel Bag for Men Chest Bag for Men Travel Fanny Pack for Men Waist Bag for Women Side Bag for Men Travel Accessories/Pouch/Hand Purse. Mobile Bag/Money Bag - Black,299,4.7,(378)
/AmazonBasics-Casual-Backpack-Office-15-6-inch/dp/B09W4VMZ79,AmazonBasics - Casual Backpack/Office Bag/ for a 15.6-inch Laptop,709,4.2,(431)
/ADISA-SL5038-women-girls-sling/dp/B08Q4FHQLN,ADISA Women's Sling Bag,595,4.0,"(2,619)"
/Shalimar-Capacity-Travel-Storage-Duffel/dp/B09TPHFMX7,"SHALIMAR large capacity Travel bag / Storage bag / Move-in bags/ Duffel Bag - Strong, Durable , Foldable and Water Resistant ( Pack of 1 ) ( Blue )",246,4.0,(309)
/SIDRUM-Shoulder-Adjustable-Compatible-Mirrorless/dp/B09P74TZY8,"SIDRUM WF-18 DSLR/SLR Camera Shoulder Bag Case with Adjustable Shoulder Strap & Rain Cover, Compatible for Nikon, Canon, Sony Mirrorless Cameras - Waterproof - Breathable - Anti Shock (Orange-Black)",664,4.4,(912)
/Arctic-Earphone-Scratch-Resistant-Shoulder/dp/B0B6GBH3RG,"Arctic Hunter Sling Bag for Men,Side Bag Chest Bag for men with USB/Earphone Jack and Water Bottle Pocket,Tablet Bag Water/Scratch Resistant Shoulder Bag for Men with two Handle for Travel Daily Use,Black","1,709",4.1,(23)
/ADISA-Laptop-Backpack-Office-College/dp/B09TPVD964,ADISA 15.6 inch Laptop Backpack Office Bag College Travel Back Pack 32 Ltrs (z-Teal),499,3.8,(566)
/Scratch-Resistant-Anti-Theft-Shoulder-Earphone/dp/B084RHGTCQ,"Arctic Hunter Sling Bag for Men,Chest Bag for Men Crossbody Bag for Men Stylish Shoulder Bag for Men Water&Scratch Resistant,Anti-Theft Mens Sling Bag Side Bag with USB Charging Port Earphone Port Fit Up to 10inch iPad.Black","1,804",4.5,(528)
/Asus-BP1504-15-6-inch-Laptop-Backpack/dp/B0895ZZHKK,Asus BP1504 39.62 cm (15.6-inch) Laptop Backpack (Dark Grey),811,4.2,"(1,534)"
/EcoRight-Womens-Reusable-Ecofriendly-0202F01/dp/B06XRQRDCY,"Eco Right Large Tote Bag for Women with Zip, Stylish Cotton Handbags, Canvas Tote Bags for College",509,4.1,"(7,294)"
/Bennett-Mystic-Shoulder-Messenger-Repellent/dp/B08X2T2M8G,Bennett™ Mystic Formal Business Briefcase Bag Crossbody Messenger College Bags For Men Women MacBook INoteBook ITablet Laptop Upto 15.6 Inch | Handbags with Shoulder Straps (Blue) 6 Months Warranty,512,4.1,"(5,212)"
/Storite-Canvas-Sling-Brown-Strap/dp/B099ZFN2QD,"Storite Canvas Sling Cross Body Travel Office Business Satchel Messenger One Side Shoulder Bag for Men & Women-(33cm x 6.5cm x 27cm, Brown with Brown Strap)",799,4.2,(831)
/BennettTM-Shoulder-Messenger-Repellent-Charcoal/dp/B09CV24TMK,Bennett™ Mystic Unisex Adult Men's Laptop Bag 15.6 inch Side Shoulder Briefcase Satchel Messenger Business Bags for Men & Women Front Pocket for Laptop Accessories - Black (6 Month Warranty),512,4.1,"(5,212)"
/HEROZ-Backpack-Resistant-Computer-17-3-inch/dp/B083N3DCTM,HEROZ Hacker 50 litres Nylon Travel Laptop Backpack Water Resistant Slim Durable Computer Book Bag Tracking Fits Up to 17.3-inch Laptop (058- ALL) (Navy Blue),"1,439",4.1,"(3,717)"
/Storite-Leather-Sling-Bag-Brown/dp/B08TR8RMNH,"Storite Stylish Small PU Leather Sling Cross Body Travel Office Messenger One Side Shoulder Bag for Men Women(Brown, 20.5x9x16.5cm)",799,4.1,(828)
/Business-Casual-Resistant-Laptop-Backpack/dp/B0862V2GKH,Mi Business Casual 21L Water Resistant Laptop Backpack (Blue),999,4.4,"(6,164)"
/Bennett-15-6-inch-College-Repellent-Backpack/dp/B09WZKHSDR,"Bennett Casual Laptop Bag school bags for boys girls 15.6-inch, 25 LTR Office & College bags for mens Water Repellent Backpack for Men & Women (GREY)",512,4.0,(435)
/Li-Ning-Raider-Double-Polyester-Badminton/dp/B09VDQRFRV,Li-Ning Raider Max Double Zipper Polyester Badminton Kit Bag (Blue),"1,516",4.4,(375)
/DZert-Polyester-Black-White-Laptop/dp/B07H193V57,DZert Clasy Laptop Bag College Bag for Boys Girls 21 L Black,299,3.8,"(2,291)"
/Wesley-Milestone-Waterproof-Backpack-Business/dp/B085S444JV,"Wesley Milestone 2.0 Casual Waterproof Laptop Backpack/Office Bag/School Bag/College Bag/Business Bag/Travel Backpack (Dimensions:13x18 inches) (Compatible with 39.62cm(15.6inch laptop) 30 L, Charcoal black",565,4.3,"(9,794)"
/Step-Backpack-Small-Water-Repellant/dp/B088XG77KN,"Mi Step Out 12 L Mini Backpack (Small Size, Red, Water Repellant)",249,4.1,"(8,155)"
/House-Quirk-Maternity-Backpack-Elephant/dp/B07QV7SH4S,House of Quirk Baby Diaper Bag Maternity Backpack,"1,199",4.4,(966)
/Medela-Breastmilk-Storage-Bags-Pieces/dp/B075R5R1LR,"Medela Breastmilk Storage Bags,White, 25 Pieces",840,4.7,"(2,938)"
/Bagneeds-Synthetic-Leather-Briefcase-Messenger/dp/B0855F8174,Bagneeds Men's Black Synthetic Leather Briefcase Best Laptop Messenger Bag Satchel for Men,664,4.1,"(3,846)"
/ASTRID-Womens-Round-Sling-Pompoms/dp/B08VS8JBNK,ASTRID Women's Round Sling Bag with Pompoms (Brown),474,4.4,(346)
/House-Quirk-Electronics-Accessories-Organizer/dp/B07MMGBD1J,"House of Quirk Electronics Accessories Organizer Bag, Universal Carry Travel Gadget Bag for Cables, Plug and More, Perfect Size Fits for Pad Phone Charger Hard Disk - Dark Blue",499,4.3,"(6,753)"
/Nivia-5177SB-Polyester-String-Blue/dp/B071XMLFTL,NIVIA String Bag/Drawstring Bag/Sports Bag Boys/Polyester String Bag/Kit Bags/Drawstring Sports Bag/Dori Backpack/Gym Bag/String Bag Men Waterproof/Drawstring Backpack (Sky Blue),193,4.1,(456)
/FloMotif-Business-Shoulder-material-resistant/dp/B07NHYLTY7,ZOUK Black Floral Printed Handmade Vegan Leather Women's Office Bag for 15.6 inch Laptop with Double Handles - FloMotif,"1,699",4.4,"(1,842)"
/Gear-Ltrs-Casual-Backpack-MDBKPECO50504/dp/B0757K36YV,Gear Moderneco5 21L Water Resistant School Bag/Backpack/College Bag For Men/Women - Navyblue,440,3.9,"(2,527)"
/POLESTAR-%C3%82-POLESTAR-Ranker-Bagpack-Backpack/dp/B084C84GTR,"POLESTAR Ranker 15.6 inch 32 LTR Casual Laptop Backpack/Office Bag/School Bag/College Bag/Business Bag/Unisex Backpack, Water Resistant and Light Weight, 1 year Warranty",669,4.1,"(7,614)"
/Safari-Overnighter-Resistant-Travelling-All-Purpose/dp/B097JM98M1,"Safari Seek 32 Ltrs Overnighter Travel Laptop Backpack (Blue), Water Resistant Spacious Bag for Travelling and Camping, All-Purpose Bag for Business & Leisure","1,670",4.3,(73)
/Lavie-Beech-Womens-Handbag-Lt-Gold/dp/B078XXYNM8,Lavie Women's Beech Satchel Bag | Ladies Purse Handbag,"1,197",4.2,"(3,768)"
/Resistant-Duffle-Shoulder-Separate-Compartment/dp/B09KVBSG61,"Wooum Gym Bag Sport Outdoor Bag, Shoulder Bag Side Bag with Separate Shoes Compartment Water Resistance - Dark Grey",397.,4.2,(466)
/Half-Moon-Waterproof-Laptop-Backpack/dp/B09QM9N1B3,Half Moon 30L Waterproof 15.6 inch Laptop Office School College Bag Backpack for Men Women Boys & Girls,589,3.6,(361)
/ADISA-litres-Laptop-Backpack-Earphone/dp/B08RWCLFHY,ADISA 15.6 inch Laptop Backpack Office Bag College Travel Back Pack 32 Ltrs BP032 (Teal-Red),499,4.0,(164)
/Wooum-Mobile-Travel-Messenger-Leather/dp/B0B24ZG3J3,Wooum Slim Cross Body Travel Mobile Pouch Sling Messenger Bag for Women Girls lady's Mobile Bag,284.,4.1,(67)
/Amazon-Brand-Backpack-15-6-inch-Laptops/dp/B076QFBFRG,"Amazon Brand - Solimo Laptop Backpack for 15.6-inch Laptops (27 litres, Black)",429,3.9,"(1,241)"
/Cosmus-Casual-Backpack-Charger-College/dp/B08D7D21FV,Cosmus Vogue Casual Laptop Backpack with USB Charger Port 44cm 26 Litre Grey College Bag,"1,181",4.2,"(1,364)"
/FunBlast-Sling-Bag-Ring-Mirror/dp/B0BS42FYPT,"FunBlast Sling Bag with Key Ring, Comb and Mirror – Silicone Mini Bag for Girls, Fancy Bag for Girls, Purse, Stylish Cross Body Bag with Adjustable Strap, Korean Bag for Girls",899,New to Amazon,N/A
/Bagneeds-Synthetic-Leather-Briefcase-Messenger/dp/B0855F8174,Bagneeds Men's Black Synthetic Leather Briefcase Best Laptop Messenger Bag Satchel for Men,664,4.1,"(3,846)"
/Chic-Buddy-Waterproof-Swimsuits-Toiletries/dp/B09KSBHC18,"Chic Buddy Waterproof Wet Bag, Washable, Reusable for Travel, Beach, Pool, Stroller, Diapers, Dirty Gym Clothes, Wet Swimsuits, Toiletries",299,4.4,(281)
/Lychee-bags-Womens-Canvas-Zig-Zag/dp/B07MXJWDW3,Lychee bags Canvas Printed Sling Bag,455,3.9,(295)
/Nivia-5177SB-Polyester-String-Blue/dp/B071XMLFTL,NIVIA String Bag/Drawstring Bag/Sports Bag Boys/Polyester String Bag/Kit Bags/Drawstring Sports Bag/Dori Backpack/Gym Bag/String Bag Men Waterproof/Drawstring Backpack (Sky Blue),193,4.1,(456)
/ASTRID-Round-Textured-Pinkish-Purple/dp/B09DCVFH15,ASTRID Round Textured Sling Bag For Girls With Zip,429,3.8,(197)
/Bennett-15-6-inch-College-Repellent-Backpack/dp/B09WZHX3B1,"Bennett Casual Laptop Bag school bags for boys girls 15.6-inch, 25 LTR Office & College bags for mens Water Repellent Backpack for Men & Women (Black)",512,4.0,(435)
/FloMotif-Business-Shoulder-material-resistant/dp/B07NHYLTY7,ZOUK Black Floral Printed Handmade Vegan Leather Women's Office Bag for 15.6 inch Laptop with Double Handles - FloMotif,"1,699",4.4,"(1,842)"
/BESTAQUA-Capacity-Cosmetic-Cosmetics-Organizer/dp/B0BW62ZR8N,"BESTAQUA Large Capacity Cosmetic Travel Bag, Women's Makeup Travel Bag Portable Leather Cosmetics Bag, Makeup Storage Bags with Handle and Divider,Makeup Organizer Bags(Multi)",799,1.0,(1)
/Protecta-Professional-15-6-inch-Briefcase-Geometric/dp/B07GNCRCP4,Protecta The Professional Laptop Bag Briefcase for Laptops with Screen Size Up to 15.6 Inch (Black & Indian Geometric Print),674,4.4,"(1,411)"
/F-Gear-Yakuza-Brown-Laptop-Backpack/dp/B071VNWC1C,F Gear Yakuza Brown 34 liter Laptop Backpack Sch Bag,981.,4.4,(801)
/WALKENT-Craft-Laptop-Bag-Anti-Theft/dp/B0978JT5HR,"WALKENT 15.6"" Laptop Bag 27L (Craft) Anti-Theft, Waterproof, Expandable, External USB for Office College Men Women","2,365",4.2,(361)
/uppercase-Backpack-2500EBP1-resistant-sustainable/dp/B0BTDB674X,"uppercase Medium 23 Ltrs Tall Boy (14.6 inch) Laptop Backpack 2500EBP1 3x more water resistant sustainable bag with rain proof zippers for Men, Women, Boys and Girls, 750 Days warranty","1,700",4.1,(186)
/Half-Moon-Curiosity-Backpack-Resistant/dp/B09S3ZK3N1,Half Moon Curiosity 35L Travel Laptop College School Backpack Water Resistant Slim Durable Fits 15.6 Inch Laptop Notebook with Rain cover (Navy Blue),849,3.7,(170)
/Gear-Vintage2-Leather-Backpack-LBPVG2LTH1901/dp/B07G4F3758,Gear Vintage2 Anti Theft Faux Leather 18 cms Tan Laptop Backpack,"1,075",4.3,"(1,460)"
/Wesley-Milestone-Waterproof-Backpack-Business/dp/B07NJRPJ6Q,Wesley Milestone 15.6 inch 25 L Casual Waterproof Laptop Backpack/Office Bag/School Bag/College Bag/Business Bag/Unisex Travel Backpack (Black),498,4.3,"(12,341)"
/Baggit-Womens-Laptop-Bag-Large/dp/B0BNTPMT2G,Baggit Women's Laptop Bag - Large (Blue),"1,259",No reviews,N/A
/uppercase-Backpack-2300EBP1-resistant-sustainable/dp/B0BWNCV31F,"uppercase Medium 17 Ltrs Vegan Leather (upto 14 inch) Laptop Backpack 2300EBP1 3x more water resistant sustainable bags with rain proof zippers for Men, Women, Boys and Girls, 750 Days warranty","1,600",4.0,(373)
/Skybags-New-Neon-Backpack-Purple/dp/B07SRHCF9R,Skybags New Neon 30 L Backpack (Purple),999,4.3,(100)
/Genie-Clara-Backpack-Women-compartments/dp/B097JJGR1N,"Genie Clara Backpack for Women - 3 compartments, Laptop Bags for Girls, Stylish and Trendy College Backpacks for Girls, Water Resistant and Lightweight Bags for Office and Travelling Purpose.","1,025",4.2,(56)
/POLESTAR-backpack-Backpack-College-Students/dp/B08X2JSJ6N,"POLESTAR Leader 34 L Bag for College, School, Office, Casual Multipurpose Backpack with 15.6"" Laptop Compartment, Water Resistant, Unisex Design, Stylish & Durable, 1 Year Warranty",599,4.1,"(3,429)"
/Police-Polyester-Laptop-Spec-Backpack/dp/B07ZB8NWTZ,POLICE Polyester 35 Ltr Laptop Big Low Spec Laptop Backpack - Black/Navy,"1,569",3.3,(188)
/ADISA-BP004-Weight-Casual-Backpack/dp/B07G3F1G7T,ADISA Laptop Backpack 31 Ltrs,499,4.0,"(9,083)"
/Farraige%C2%AE-Silicone-Crossbody-Waterproof-Stationery/dp/B0B4G8W6MQ,Farraige® Cartoon Soft Silicone Bag Crossbody Shoulder Bag Purse Waterproof Anti Fall Stationery Storage Bag Handbag Sweet Birthday Gift for Children Students Girls,634,4.4,(25)
/Victorinox-Nylon-Black-Laptop-31322601/dp/B004UCORV2,Victorinox Nylon Black Laptop Bag (31322601),"25,320",4.5,(11)
/Wesley-briefcase-professional-Briefcase-messenger/dp/B0BJVDN7VT,Wesley office Laptop Bag briefcase notebook professional business 15.6 Inch Briefcase messenger sling Water resistant Laptop Bag Tablet Business Carrying Handbag for Women and Men (Charcoal Black),498,4.0,"(1,173)"
/Lenovo-Laptop-Everyday-Backpack-Black/dp/B07GM5NR14,Lenovo Everyday Laptop Backpack B515 15.6-inch Water Repellent Black,890,4.1,"(3,668)"
/Gear-Classic-Leather-Backpack-LBPCLSLTH0101/dp/B07G4D13LB,Gear Classic 20L Faux Leather Water Resistant Anti Theft Laptop Bag/Backpack for Men/Women-Black,"1,030",4.4,"(2,610)"
/Lavie-Broxa-Womens-Sling-Plum/dp/B08JDG1NKX,Lavie Women's Broxa Flap Over Sling Bag | Ladies Purse Handbag,999,4.2,"(5,676)"
/Capacity-Cosmetic-Portable-Leather-Organizer/dp/B0BTDKL3KX,"Renva Large Capacity Cosmetic Travel Bag, Women's Makeup Travel Bag Portable Leather Cosmetic Bag, Makeup Storage Bags with Handle and Divider,Makeup Organizer Bags (1 pcs, Black)",629,4.0,(16)
/uppercase-Backpack-2300EBP1-repellent-sustainable/dp/B0B69M182Q,"uppercase Medium 17 Ltrs Vegan Leather (14.6 inch) Laptop Backpack 2300EBP1 3x more water resistant sustainable bags with rain proof zippers for Men, Women, Boys and Girls, 750 Days warranty (Green)","1,600",4.0,(373)
/Amazon-Basics-Professional-Backpack-15-inch-Laptop/dp/B09W4WB3K5,"Amazon Basics - Laptop Backpack/College Bag/Travel Bag for 15.6-inch Laptop, Water-Resistant, Casual","1,349",3.5,(5)
/Tabelito-Laptop-Backpack-15-6-inch-Repellent/dp/B08Y3L4PHK,Tabelito® Casual 15.6 Inch (39.6 cm) Water Repellent Laptop Backpack Office College School Business Travel Bag Suitable for Men Women Boys & Girls Capacity 25 Litre (Grey),549,4.2,"(1,597)"
/Lunars-V-Line-Resistant-Bagpack-College/dp/B08BP5CYDV,"Lunar's V-Line Backpack for Men, Blue | 35L Water Resistant School Bags for Boys | Stylish, & Durable | College Bags for Men/College Bag for Girls | 1 Yr Warranty",799,4.1,"(2,385)"
/Aircase-Backpack-Rucksack-Anti-Theft-Charging/dp/B07SX3X79F,"AirCase Laptop bag Anti Theft Backpack for Office College & Travel fits upto 15.6"" Laptop/Macbook, Waterproof, Durable, Multi-Pockets, 180° open (Black)- 1 Yr warranty","1,199",4.3,(160)
/Cosmus-Casual-Backpack-Charger-College/dp/B09HX54TGF,COSMUS Vogue Casual Laptop Backpack with USB Charger Port 46cm 26 Litre Maroon College Bag,"1,181",4.2,"(1,364)"
/HEROZ-Backpack-Resistant-Computer-17-3-inch/dp/B083N53TWB,HEROZ Hacker 50 litres Nylon Travel Laptop Backpack Water Resistant Slim Durable Computer Book Bag Tracking Fits Up to 17.3-inch Laptop (058- All) (Grey & Red),"1,439",4.1,"(3,717)"
/PLAYY-BAGS-Backpack-College-Students/dp/B099N8JRVJ,PLAYY BAGS Large 35 L Laptop Bag/Backpack for Men Women Boys Girls/Office School College Teens & Students(Navy Blue),599,3.3,(111)
/Business-Casual-Compartment-Resistant-Backpack/dp/B08N6HSJJ5,URBAN WOLF 30L Casual Dual Compartment Water Resistant Laptop Backpack Unisex Bags for Office/ Travel/ Business/ College/ School (Black),719,4.0,(923)
/SAFARI-26-5-Laptop-Backpack-WANDERER19CBRED/dp/B07NSCCGBK,SAFARI 46 cms Red Laptop/Casual/School/College Backpack (WANDERER19CBRED),"1,149",4.3,(264)
/F-Gear-Blow-Laptop-Backpack/dp/B078J63VRY,"F Gear Blow Laptop Backpack With Rain Cover 32 Liters (Black,Grey) Sch Bag",931,4.3,"(1,256)"
/Anti-Theft-Backpack-Expandable-Water-resistant-Convertible/dp/B0B6FZ3YNV,"Golden Wolf Backpack 35L Expandable Travel Backpack for Men and Women Anti-theft Laptop Bag with Lock Water-resistant Convertible Backpack with USB Port Travel Business College Bag for Men,Black","2,564",4.4,(37)
/ZaySoo-Casual-Backpack-College-Business/dp/B0BTD542W7,ZaySoo Casual Laptop Backpack/Office Bag/School Bag/College Bag/Business Bag/Travel Backpack - Black,394,New to Amazon,N/A
/F-Gear-Blow-Laptop-Backpack-Red/dp/B0749MPCFT,"F Gear Blow Laptop Backpack With Rain Cover 32 Liters (Red,Grey) Sch Bag","1,096",4.4,(281)
/Wildcraft-Turnaround-Polyester-Laptop-8903338054702/dp/B012D51GXO,Wildcraft Turnaround Polyester 35 Ltrs Blue Laptop Bag (8903338054702),"2,075",4.3,"(1,159)"
/Wildcraft-Solid-Backpack-Grey-11911/dp/B07N1CM9QS,Wildcraft 35 Ltrs 18.5 cms Backpack (11911 Grey_Grey),"1,266",4.2,(160)
/uppercase-Professional-Backpack-resistant-sustainable/dp/B0BRMWDNZ7,"uppercase 26 Ltrs Ryder Professional Laptop Backpack (15.6 Inch) 3x more water resistant sustainable bags with rain proof zippers for Men, Women, Boys and Girls, 750 Days warranty","2,400",4.7,(19)
/Clownfish-Trident-Laptop-Briefcase-Messenger/dp/B079HZJTK2,The Clownfish Trident Series Laptop Briefcase 15.6 inch Laptop Bag Messenger Bag (Dark Brown),"2,149",4.4,(236)
/Killer-Backpack-Compartments-Polyester-Waterproof/dp/B07CDD6YS2,KILLER Louis 38L Large Laptop Backpack With 3 Compartments Polyester Trendy Waterproof Travel Backpack,"1,664",4.4,"(11,117)"
/Skybags-Network-Unisex-Blue-Laptop/dp/B0B4DTMVXY,Skybags Network Pro 26L Unisex Blue Laptop Bags,"2,999",4.1,(55)
/F-Gear-Fortune-Backpack-Navy-Blue/dp/B07B7K7212,"F Gear Fortune Navy Blue, Red 27 Liters Laptop Backpack (2700)",747,4.1,(491)
/COSMUS-Polyester-Navy-Laptop-Backpack/dp/B01FVQLLU0,COSMUS Darwin Navy Blue Laptop Backpack for (15.6 inch),"1,231",4.3,"(9,899)"
/Gear-Compact-Business-Backpack-BUSCOMPACT052/dp/B08D76WDTV,Gear Compact Business 18L Water Resistant Laptop Bag/Backpack/Office Bag For Men/Women - Indiaink,684,4.2,"(1,084)"
/Chic-Buddy-Waterproof-Swimsuits-Toiletries/dp/B0B25B5PB6,"Chic Buddy Waterproof Wet Bag, Washable, Reusable for Travel, Beach, Pool, Stroller, Diapers, Dirty Gym Clothes, Wet Swimsuits, Toiletries",289,4.4,(281)
/Derben-Fabric-Leather-Laptop-Messenger/dp/B08TVL3MWJ,"DERBEN CLOVE® 15.6 Men and Women Laptop, MacBook Shoulder Messenger Sling Office Bag - Grey",899,4.1,(131)
/F-Gear-Tycoon-Laptop-Backpack/dp/B071XJ6XV5,F Gear Tycoon 27 Liters Laptop Backpack Sch Bag(Black),"1,168",4.4,(215)
/SACCI-MUCCI-Allamanda-Lightweight-SM1-10_magnolia/dp/B09TDNZ88Z,"SACCI MUCCI Women's Rainbow Sling Bag, Handmade Bags for Females - 100% Vegan Leather and Coated Duck canvas Fabric, Lightweight and Durable",449,4.2,(655)
/F-Gear-Tycoon-Laptop-Backpack/dp/B071XJ6XV5,F Gear Tycoon 27 Liters Laptop Backpack Sch Bag(Black),"1,168",4.4,(215)
/SACCI-MUCCI-Allamanda-Lightweight-SM1-10_magnolia/dp/B09TDNZ88Z,"SACCI MUCCI Women's Rainbow Sling Bag, Handmade Bags for Females - 100% Vegan Leather and Coated Duck canvas Fabric, Lightweight and Durable",449,4.2,(655)
/AirCase-C30-Messenger-Compartments-Multi-Pockets/dp/B07V47HHRG,"AirCase Office Sling Messenger Bag fits upto 15.6"" Laptop/Macbook, Detachable Shoulder Strap, Waterproof, Shockproof, Spacious Pockets for Office/Travel, Black- With Warranty","1,451",3.8,"(1,164)"
/Roop-Fashion-Drawstring-Multipurpose-Activities/dp/B0847L8W6N,"Roop Fashion Plain Chain Drawstring Bag, Multipurpose Unisex Drawstring, Gym, Travel, Hiking, Camping, Summer Camp and More Outdoor Activities, Multicolor Bag",199,3.1,(50)
/TUFFGEAR-Bag-Workout-Litre-Duffle/dp/B08M66BVY2,Gym Bag TUFFGEAR Workout 23 Litre Gym Duffle Bag (Black),295,4.0,(904)
/15-6-inch-Briefcase-Waterproof-Artificial-Compatible/dp/B094GB8VS2,"WORLD SPEED 15.6-inch Laptop Computer Briefcase,Water Resistant, Business Bag with Waterproof Zipper,Shoulder Bag Artificial Leather Handbag,Compatible with laptop MacBook Notebook,for Men/Women",799,4.1,(552)
/Red-Lemon-Backpack-Travelling-Weekender/dp/B0B9WX3QD8,"Red Lemon BANGE Cyborg Laptop Backpack for Men Business Travelling Backpack with USB Charger Port,Weekender Carry-On laptop bag for men","2,999",4.2,(31)
/BUCKETLIST%C2%AE-Backpack-Laptop-Charging-Resistant/dp/B0BMQPZ4V4,BUCKETLIST® Anti Theft Backpack 15.6 Inch Laptop Bag with USB Charging Port and Water Resistant Fabric 30 Liters (Black) (Pack of 1),699,2.8,(4)
/Harissons-Office-Laptop-Backpacks-Women/dp/B09D3YYYNG,Harissons Bags Volt 15.6 inch Office Laptop Backpacks for Men and Women,"1,348",4.2,(220)
/GoTrippin-Camping-Outdoors-Polyester-Adjustable/dp/B088LHS5LP,"GoTrippin Waist Bags for Men Women- Premium Stitching, Branded Zippers, Waterproof pocket, RFID safe- Large Fanny pack for Hiking Travel Camping Running Sports Outdoors, Money Belt with Adjustable Strap (Polyester,Black)",999,4.4,"(1,896)"
/BROGBUS-Business-Messenger-Sling-10-05inch/dp/B09QLD9GJY,"BROGBUS pu Leather Men Bag Casual Business Messenger Bag for Cross body Bag Male Shoulder Bags PU Leather Sling Messenger Bag (Brown, L- 10.05inch H- 11.5inch W- 3inch)",939,4.1,(426)
/uppercase-Professional-Backpack-resistant-sustainable/dp/B0BR1D4SL1,"uppercase Apex Professional Laptop Backpack (15.6 Inch) 3x more water resistant sustainable bags with rain proof zippers for Men, Women, Boys and Girls, 750 Days warranty","1,800",4.9,(17)
/Tinytot-School-Backpack-College-Multipurpose/dp/B09C5J2MN7,Tinytot School Bag School Backpack College Backpack Travel Backpack Office Backpack Multipurpose Backpack Picnic Bag for Boys & Girls,589,4.3,(291)
/Scratch-Resistant-Anti-Theft-Shoulder-Earphone/dp/B084RHGTCQ,"Arctic Hunter Sling Bag for Men,Chest Bag for Men Crossbody Bag for Men Stylish Shoulder Bag for Men Water&Scratch Resistant,Anti-Theft Mens Sling Bag Side Bag with USB Charging Port Earphone Port Fit Up to 10inch iPad.Black","1,804",4.5,(528)
/Wildcraft-Hopper-Laptop-Backpack-Black/dp/B07YNKY9PN,Wildcraft Hopper 1.0 Laptop Backpack 24L (Black),"1,390",4.2,(2)
/AirCase-C34-Laptop-Backpack-Women/dp/B07QL8633G,"AirCase Laptop Bag Backpack Case Pouch for Laptop Backpack for Men & Women,Premium Vegan Leather",929,4.0,(998)
/LL-LEATHER-LAND-DESIGNER-BAGS/dp/B0BD4TTDHD,LL LEATHER LAND DESIGNER BAGS Women Sling Bag,299,4.0,"(1,627)"
/F-Gear-Samurai-Brown-Laptop-Backpack/dp/B071HNJXTF,F Gear Samurai Brown 30 liter Laptop Backpack Sch Bag,892,4.5,(73)
/SACCI-MUCCI-Allamanda-Lightweight-SM1-10_magnolia/dp/B09TDNZ88Z,"SACCI MUCCI Women's Rainbow Sling Bag, Handmade Bags for Females - 100% Vegan Leather and Coated Duck canvas Fabric, Lightweight and Durable",449,4.2,(655)
/American-Tourister-FS0-11-001/dp/B07S13P8BW,American Tourister Spin 49 cms Teal Laptop Backpack,"1,699",4.0,"(1,432)"
/F-Gear-Millionaire-Doby-Black-Laptop-Backpack/dp/B07XMLCYTH,F Gear Millionaire Doby 36 Ltrs Black Laptop Backpack (3201),986,4.0,(29)
/Skybags-Unisex-Grey-Jacqard-Laptop/dp/B09ZV9SLBJ,Skybags Unisex Grey Jacqard 34L Laptop Bags,"1,213",4.0,(20)
/ADISA-Laptop-Backpack-Office-College/dp/B0BVRJYD9Q,ADISA 32L Large Laptop Backpack Office Bag College Travel Back Pack with rain Cover (Navy),599,4.4,(5)
/Hilfiger-Connor-Backpack-TH-CONNORLAP20/dp/B07N8HPP97,Tommy Hilfiger Connor 23 Ltrs Black Laptop Backpack (TH/CONNORLAP01),"1,559",4.1,(151)
/Red-Lemon-Backpack-Multifunctional-Charcoal/dp/B0BGSV19KZ,Red Lemon Swiss Cut Design Medium 26 L Laptop Backpack Outdoor Backpack fits 15.6 inch Multifunctional Laptop Bag Backpack for Men and Women with USB port Anti Theft Travel Backpack,"1,949",4.4,(642)
/Greemito-Multipurpose-clothespin-bag-Vegetables/dp/B08W8TY43R,Greemito Multipurpose clothespin bag with hanger | Bathroom Organizer Hanging Bag | Hanging Net Bags For Vegetables and Fruits Storage | Pack of (2),299,4.2,(37)
/Leatherette-Executive-messenger-multiple-compartments/dp/B099NM8621,"Zipline Synthetic Leather Executive SMALL messenger bag Briefcase for upto 13"" Laptop/Tablet for men women with multiple compartments (1-Tan Bag)",938,3.9,(366)
/Skybags-Brat-Polyester-Casual-Backpack/dp/B0BBPPM33V,Skybags Brat 22L Red Polyester Casual Backpack,702,4.0,(222)
/uppercase-Professional-Anti-theft-resistant-sustainable/dp/B0BSH4H4DB,"uppercase Matrix Professional Anti-theft Laptop Backpack (15.6 Inch) 3x more water resistant sustainable bags with rain proof zippers for Men, Women, Boys and Girls, 750 Days warranty","2,300",4.2,(12)
/QUDDY-Capacity-Cosmetic-Cosmetics-Organizer/dp/B0BVWH7FS5,"QUDDY Large Capacity Cosmetic Travel Bag, Women's Makeup Travel Bag Portable Leather Cosmetics Bag, Makeup Storage Bags with Handle and Divider, Wide Opening Cosmetic/Makeup Organizer Bags",799,New to Amazon,N/A
/Ace-Laptop-Backpack-Charging-College/dp/B09ZB5HGWB,Large 26L Ace Laptop Backpack Laptop Bag | Office Bag With USB Charging Port | College Bag,569,4.0,(1)
/Storite-Grocery-Shopping-Reinforced-40x20x33-cm/dp/B079T66RBW,"Storite Pack of 2 Heavy Duty Canvas Grocery Shopping Bags with Reinforced Handles (40x20x33-cm, Green)",519,4.3,"(2,104)"
/Storite-Grocery-Shopping-Reinforced-40x20x33-cm/dp/B079T66RBW,"Storite Pack of 2 Heavy Duty Canvas Grocery Shopping Bags with Reinforced Handles (40x20x33-cm, Green)",519,4.3,"(2,104)"
/PACKNBUY-Diaper-Mother-Maternity-Backpack/dp/B07Z853TJN,PACKNBUY Diaper Bag for Babies Mother Hospital Maternity Baby Bags (Blue),"1,499",4.2,(13)
/Baggit-Womens-Sling-bag-Yellow/dp/B09X72S4ZS,Baggit Women's Sling bag (Yellow),519,No reviews,N/A
/HEROZ-Backpack-Resistant-Durable-Notebook/dp/B08BYQZYYC,HEROZ Hammer Unisex Nylon 45 L Travel Laptop Backpack Water Resistant Slim Durable Fits Up to 17.3 Inch Laptop Notebook (All) (Navy Blue & Sky Blue),"1,349",4.3,"(7,733)"
/Wildcraft-Packs18-Laptop-Backpack-ACE/dp/B07GS9ZWFX,Wildcraft Work Packs'18 25 Ltrs Blue Laptop Backpack (ACE),"1,630",3.6,(10)
/Gear-Polyester-Laptop-Backpack-LBPECONO10412/dp/B012NW0J30,Gear ECO1 24L Water Resistant Laptop Bag/Backpack/Office Bag for Men/Women- Grey-Black-Yellow,854,4.2,"(1,420)"
/MosQuick%C2%AE-Drawstring-Organizing-Stationery-multipurpose/dp/B09SB42QFQ,"MosQuick® Clear large Drawstring Bags Clear Plastic Travel Bags, Travel Garments Organizing Storage Plastic Bags ,Shoe bags , Stationery Bag,multipurpose bag - Translucent",324,4.2,(50)
/SKYTONE-Cosmetic-Bag-Cosmetics-Organizer/dp/B0BV358QKF,"SKYTONE Large Capacity Cosmetic Travel Bag, Women's Makeup Travel Bag Portable Leather Cosmetics Bag, Makeup Storage Bags with Handle and Divider, Wide Opening Cosmetic/Makeup Organizer (Pink)",749,3.6,(21)
/Storite-Leather-Sling-Bag-Brown/dp/B08TR8RMNH,"Storite Stylish Small PU Leather Sling Cross Body Travel Office Messenger One Side Shoulder Bag for Men Women(Brown, 20.5x9x16.5cm)",799,4.1,(828)
/Half-Moon-Resistant-Laptop-Backpack/dp/B09B68N8LT,Half Moon 35 L Casual Water Resistant 15.6 inch Laptop Bag/Backpack for Men Women Boys Girls/Office School College Teens & Students with Rain Cover (Airport Blue),699,3.8,(192)
/Half-Moon-Resistant-Laptop-Backpack/dp/B09842K4RQ,Half Moon 35 L Casual Water Resistant 15.6 inch Laptop Bag/Backpack for Men Women Boys Girls/Office School with Rain Cover (Black),699,3.9,(300)
/F-Gear-Samurai-Black-Laptop-Backpack/dp/B071F2M8CW,F Gear Samurai Black 30 liter Laptop Backpack Sch Bag,892,4.1,(83)
/Backpack-Business-Scratch-resistant-Multiple-Comfortable/dp/B0B6FNPN76,"Arctic Hunter Laptop Backpack, Premium Business Backpack Office Travel Laptop Bag with 15.6-inch Laptop Pocket Water/Scratch-resistant Multiple Pocket Comfortable and Thick, Large Capacity Padded Backpack for Men and Women","5,699",4.3,(65)
/ADISA-litres-Laptop-Backpack-Earphone/dp/B08RWCLFHY,ADISA 15.6 inch Laptop Backpack Office Bag College Travel Back Pack 32 Ltrs BP032 (Teal-Red),499,4.0,(164)
/AirCase-C25-Messenger-Shoulder-Compartments/dp/B07X6DV3VM,"AirCase Office Messenger Sling Bag fits upto 15.6"" Laptop/Macbook, Detachable Shoulder Strap, Waterproof, Shockproof, Carry Handle with Spacious Pockets, For Men & Women, Blue- with Warranty",949,3.9,"(1,265)"
/PrimeBox-Shoulder-Lightweight-Resistant-Activity/dp/B0BR3SJ46H,PrimeBox Travel Duffel Bag Sports Tote Shoulder Gym Bag Womens Travel Bags Lightweight Water Resistant Workout Bag for Sports Activity Pack of 1 Black Green line Color,499,New to Amazon,N/A
/Osaka-Pro-Waterproof-Accessories-Others-Made/dp/B081Z1TVPQ,"Osaka Pro Series-11 Waterproof DSLR Backpack Camera Bag, Lens Accessories Carry Case for Nikon, Canon, Olympus, Pentax & Others-Made in India",865,3.9,(565)
/Kore-K-REGULAR-GYM-BAG-Regular-Gym-Bag/dp/B09VLK27NF,Kore Regular Gym Bag,59,2.9,"(3,846)"
/Wildcraft-Hopper-Laptop-Backpack-Blue/dp/B07YNL6H8H,Wildcraft Hopper 1.0 Laptop Backpack 24L (Blue),"1,390",4.5,(2)
/HP-Backpack-Laptop-Chromebook-1D0M5PA/dp/B08FM6X8KZ,HP 5 ltrs (2 cms)backpack(1D0M5PA_black),"1,219",4.2,(925)
/Wooum-Office-Laptop-Briefcase-messanger/dp/B09MKVNKVK,Wooum 15.6 Inch Office Laptop Bags Briefcase for Men and Women Side Bag for Laptop Briefcase Slim messanger Bag for Laptop,501.,4.2,(18)
/Dell-Essential-Backpack-15-ES1520P/dp/B07TTCXHRH,Dell Essential Backpack 15 (ES1520P),"1,290",4.0,"(5,567)"
/Heart-Home-Printed-Backpack-HS_38_HEARTH21105/dp/B095CGX9RT,Heart Home Rexien Disney Mickey Mouse Printed Kids School Bag|Zipper Closure With 3 Comparments|Size 27 x 22 x 40 CM (Green)-HS_38_HEARTH21105,697,3.9,(181)
/F-Gear-Carlton-Laptop-Backpack-Black/dp/B072R5Z149,F Gear Carlton V2 Leather 27 Liters Laptop Backpack Sch Bag(Black),787,4.3,(54)
/SAEKOS-Stylish-Backpack-Shoulder-Silicone/dp/B0B3D9B2D4,"SAEKOS Minnie pop it Bag | Fidget Popit Stylish Backpack Shoulder Bag | Cute Silicone Purse, Pouch | for Kids, Women | Black Red (Pack of 1)",389,4.0,(21)
/Casual-Travel-Backpack-School-College/dp/B09PVCF9F8,Airish 45 ltrs (46 Cms)Backpack(ARU-202_Green),664,3.6,(154)
/American-Tourister-FS0-41-002/dp/B07S13B1HR,American Tourister Spin 49 cms Navy Laptop Backpack,"1,699",4.2,"(1,133)"
/Veneer-Business-Briefcase-Resistant-Messenger/dp/B08Z619V6Z,"Veneer Laptop Bag 15.6 Inch, Business Briefcase for Men Women, 15inch Water Resistant Messenger Shoulder Bag with Strap, Durable Office Bag, for Computer/Notebook/MacBook",995,4.2,"(2,989)"
/Protecta-Protection-Waterproof-Interiors-Retractable/dp/B0B6G648XY,Protecta Oscar 360˚ Protection Waterproof 15.6 Inch Laptop Bag for Men & Women Ideal for Office & College with Soft Interiors & Retractable Handle - (Elephants Print),"1,030",4.5,(14)
/uppercase-Backpack-1600EBP1-resistant-sustainable/dp/B0B68ZS5G1,"uppercase Laptop Backpack 1600EBP Compact 3x more water repellent sustainable bags with rain proof zippers for Men, Women, Boys and Girls , 750 Days warranty",950,4.2,(171)
/Lavie-Womens-Laptop-Ladies-Handbag/dp/B0B7JJ8BB3,Lavie Women's Mento Laptop Bag | Ladies Purse Handbag,"1,749",4.8,(8)
/Polyester-Bagpack-Spacious-Shoulder-Travelling/dp/B0BLHBD7N6,"Space Full School and Laptop Bag, Weight Polyester Bagpack for Men and Women, Spacious Shoulder Bag for College, Office, Travelling and Camping (Black Color, Pack Of 1)",399,5.0,(2)
/Gear-Executive-Anti-Theft-Backpack-BKPPKREXE0101/dp/B097KCMQKG,Gear Parker 23L Water Resistant Anti Theft Laptop Bag/Backpack for Men/Women - Black,702,4.3,(324)
/Aristocrat-Unisex-Oxford-Fabric-28-82L/dp/B09ZV86P4S,Aristocrat Unisex Black Oxford Fabric 28.82L Laptop Bags,758,3.4,(43)
/Gear-Polyester-Laptop-Backpack-LBPECO1000109/dp/B012NW1H1I,Gear ECO 1 Black Orange Red Laptop Backpack,854,4.3,"(1,357)"
/Wildcraft-CL2-laptop-bagpack-Black/dp/B00L14FKD6,Wildcraft CL2 Laptop bagpack (Black),"1,585",4.1,(176)
/Skybags-Unisex-Adjustable-Polyester-Backpack/dp/B0BJ763F7Y,Skybags Kick 24L Unisex Adjustable Strap Polyester Blue Laptop Backpack,"1,553.",4.8,(6)
/Wildcraft-Streak-Laptop-Backpack-Black/dp/B07YYLL4MP,Wildcraft Streak 2.0 Plus Laptop Backpack 20L (Black),"1,770",4.1,(41)
/Demoda-Unisex-Blue-Denim-Drawstring/dp/B01N5M993B,"Demoda Polyester Printed Waterproof Drawstring Tuition Bag, Carry Bag, Gym Bag, Daytrip for Boys/Girls Men Women",342,No reviews,N/A
/Skybags-Arthur-Laptop-Backpack-Grey/dp/B07SRFGK6H,"Skybags Arthur 30 L Laptop Backpack (Grey), Free Size (PLBPARTHGRY)","1,499",3.9,(587)
/American-Tourister-Polyester-56T-006/dp/B00CAK2TSO,American Tourister Activair Polyester 21 Ltrs Black Laptop Backpack (56T (0) 09 006),"3,049",4.4,(415)
/Wildcraft-Packs18-Laptop-Backpack-Streak/dp/B07G7LDLJ7,wildcraft Work Packs'18 21 ltrs red Laptop Backpack (Streak),"1,399",4.0,(64)
/Harissons-Nemesis-Office-Laptop-Backpacks/dp/B09D3Y15FH,Harissons Bags Nemesis 15.6 inch Office Laptop Backpacks for Men and Women,"1,007",4.0,(168)
/PAZZO-Sky-Tourister-22L-Compartment/dp/B07ZM9BL8Q,PAZZO Sky Tourister 22L (1 Compartment - Small Size for Daily Use) Casual Backpack with 1 Year Warranty (Blue),499,4.2,(527)
/Waterproof-Expandable-Bold-Anti-Theft-External/dp/B09T738CK1,"WALKENT ARCTIC HUNTER 17"" Laptop Bag 32L (Bold) Anti-Theft, Water Resistant, Expandable, External USB for Home Office Men Women","3,505",4.6,(28)
/Backpack-Charging-Business-Water-resistant-Anti-theft/dp/B0B6FRHV7C,"Arctic Hunter Laptop Bag,Stylish Backpack for Men with USB Charging Port Lightweight College Backpack for 15.6 Inch Laptop Multiple Pockets Water-resistant Anti-theft Laptop Backapck for Office Travel and School,Black","3,419",4.6,(18)
/DEEMOM-Polyester-School-Laptop-Compartment/dp/B08MYLMFGT,Szeentp DEEMOM Polyester 15 L Blue School Bag with Laptop Compartment (Black),350,3.7,(102)
/PrimeBox-Shoulder-Lightweight-Resistant-Activity/dp/B0BR17PDX8,PrimeBox Travel Duffel Bag Sports Tote Shoulder Gym Bag Womens Travel Bags Lightweight Water Resistant Workout Bag for Sports Activity Pack of 1 Black Color,310,New to Amazon,N/A
/PAZZO-Sky-Tourister-22L-Compartment/dp/B07ZM9BL8Q,PAZZO Sky Tourister 22L (1 Compartment - Small Size for Daily Use) Casual Backpack with 1 Year Warranty (Blue),499,4.2,(527)
/HOUSAI-Twisted-Handles-Gifting-Shopping/dp/B09NW23HSV,"HOUSAI: pack of 30 Plain white Paper Bags with Twisted Handles Suits in Gifting, Shopping & Food Packing, W/G/H = 8.5""X4""X11.5"" inch (Small)",558,3.9,(9)
/Backpack-Charging-Business-Water-resistant-Anti-theft/dp/B0B6FRHV7C,"Arctic Hunter Laptop Bag,Stylish Backpack for Men with USB Charging Port Lightweight College Backpack for 15.6 Inch Laptop Multiple Pockets Water-resistant Anti-theft Laptop Backapck for Office Travel and School,Black","3,419",4.6,(18)
/POSSHUSA-Backpack-Charging-College-Suitable/dp/B0BX8ZZ769,POSSHUSA 15.6 Anti Theft Laptop Backpack with USB Charging Port Unisex Bag for College Office Suitable for Men Women,630,New to Amazon,N/A
/Office-Laptop-Bag-Women-Waterproof/dp/B0BDF6G7HY,Office Laptop Bag for Women - 15.6 Inch Laptop Office Bag For Women Large Capacity Work Bag Waterproof Leather Stylish Messenger Bag/ Ladies Sling Hand Carry Shoulder Bag - Womens Brown Laptop Bag,960,No reviews,N/A
/SKYBAGS-Marvel-Panther-School-Backpack/dp/B08421XHVD,SKYBAGS Marvel Extra Black Panther Black School Backpack 37L,"2,447",4.5,(25)
/House-Quirk-Toiletry-Waterproof-Zippered/dp/B09G364GX5,"House of Quirk Clear Toiletry Bag, Wash Make Up Bag PVC Waterproof Zippered Cosmetic Bag, Portable Carry Pouch for Women Men (Set of 3 Bag Black)",675,4.4,(467)
/AirCase-Backpack-Lightweight-Waterproof-Spacious/dp/B0BS3QJNKT,"AirCase Laptop Bag Backpack Case Pouch for Laptop Backpack for Men & Women,Premium Vegan Leather",929,2.7,(4)
/Gear-Colorado-Navy-Laptop-Backpack/dp/B097K6SPH7,F Gear Colorado Navy Lmn yelw 39 Ltrs Laptop Backpack (3813),761,4.2,(89)
/Wildcraft-Laptop-Trident-XL-2_Black/dp/B019DWD8SQ,wildcraft Nylon 40 ltrs Black Laptop Bag (Trident XL 2_Black),"2,999",4.4,(564)
/Shoulder-Crossbody-Shockproof-Compartment-k00063-Black/dp/B09HV9QYFB,"Arctic Hunter Mens Sling Bag,Mens Shoulder Bag,Crossbody Bag for Men,Chest Bag,Daypack,Shockproof Compartment for iPad,Suitable for College,Outdoor Travels and Business Daily Use for Men,Black","1,329",4.4,(330)
/AirCase-Backpack-Lightweight-Spacious-Warranty/dp/B0B2PCCXMN,"AirCase Premium Canvas Backpack fits Upto 15.6"" Laptop, Lightweight & Easy to Clean, Spacious Bag for Office/ Travel/ College, Men & Women",999,4.7,(4)
/Gear-Firefly-Laptop-Rucksack-Liters/dp/B074DWN7NS,"F Gear Firefly V2 Laptop Rucksack 40 Liters (Navy blue, Yellow) Sch Bag","1,407",4.2,(118)
/F-Gear-Talent-Laptop-Backpack-Grey/dp/B078KS2FX1,"F Gear Talent Laptop Backpack With Rain Cover 32 Liters (Grey,Black)",931,4.4,"(1,103)"
/Pinklips-Shopping-Blackpink-Laptop-Backpack/dp/B0B7DL5GMY,Pinklips Shopping Blackpink Theme Fan Art Laptop Bag Casual School Backpack (COMBO OF 3-SIZE BAGS) - PINKBAGS_777,"1,399",4.2,(22)
/ZOUK-Laptop-Bag-Women-Detachable/dp/B08PKXMZ2P,"ZOUK Laptop Bag for Women - Handmade Bag for 15.6 inch Laptop, MacBook - Vegan Leather Office Bags with Detachable Shoulder Strap - Perfect Handbag for Ladies - Jet Black","1,899",4.9,(9)
/Gear-Firefly-Laptop-Rucksack-Liters/dp/B074DWN7NS,"F Gear Firefly V2 Laptop Rucksack 40 Liters (Navy blue, Yellow) Sch Bag","1,407",4.2,(118)
/Nivia-5177RD-Polyester-String-Bag/dp/B07NNJKQQY,Nivia 5177RD Polyester String Bag (Red),193,4.0,(260)
/Pinklips-Shopping-Blackpink-Laptop-Backpack/dp/B0B7DL5GMY,Pinklips Shopping Blackpink Theme Fan Art Laptop Bag Casual School Backpack (COMBO OF 3-SIZE BAGS) - PINKBAGS_777,"1,399",4.2,(22)
/ZOUK-Laptop-Bag-Women-Detachable/dp/B08PKXMZ2P,"ZOUK Laptop Bag for Women - Handmade Bag for 15.6 inch Laptop, MacBook - Vegan Leather Office Bags with Detachable Shoulder Strap - Perfect Handbag for Ladies - Jet Black","1,899",4.9,(9)
/PUMA-Daypack-IND-BLUE-DANUBE-Peacoat/dp/B08BV1JYGK,Puma Daypack IND I BLUE DANUBE,449,4.0,(80)
/Tabelito%C2%AE-VOLT-waterproof-Backpack-Compatible/dp/B0BML7Q3J1,Tabelito® VOLT Casual waterproof Laptop Backpack/Office bag/School bag/College bag/Business bag/Unisex bag Travel bag Compatible with 15.6 inch Laptop 30L Bag for Men and Women - GREY,999,4.8,(81)
/Wooum-Resistant-Material-Messenger-Compartment/dp/B0BQFHN15L,Wooum Water Resistant Material Sling Bag/One Side Bag/Shoulder Bag/Messenger Bag/Office Messenger Bag/Travel Side Bag with 14.1 Inch Laptop Compartment -,474.,3.9,(220)
/Hammonds-Flycatcher-Genuine-Brushwood-Messenger/dp/B0916G3WW7,"HAMMONDS FLYCATCHER Genuine Leather Laptop Bag for Men/Office Bag for Men, Brushwood | Fits Upto 14 Inch Laptop/MacBook | Leather Bag with Shoulder Straps | Laptop Messenger Bag/Leather Bag for Men","2,499",4.2,"(1,243)"
/PUJI-Bag-overnight-weekender-Multicolor/dp/B0B3RTVM2J,"PUJI Travel Duffel Bag, overnight shoulder Bag, weekender carry on for women, Women's travel bags Shoulder Weekender Overnight Bag for Women, sports Gym Bag, Sports Tote Gym Bag, workout duffel bag (SIMPLE BAG)( Multicolor )",559,3.8,(160)
/Storite-Leather-Laptop-Bag-inch/dp/B081GQJLD2,"Storite PU Leather 14 inch Laptop Messenger Organizer Bag/Shoulder Sling Office Bag for Men & Women Notebook, Tablet Carrying Handbag (37x 27x7cm, Light Brown)",999,4.0,"(1,564)"
/Tommy-Hilfiger-Orlean-Polyester-Overnighter/dp/B0BDS1RVPP,Tommy Hilfiger Orlean Plus Unisex Polyester Overnighter with 15 Inch Laptop Pocket Dark Black,"3,649",4.1,(21)
/Killer-Synthetic-Leather-Laptop-Backpack/dp/B01M59NWJF,Killer Volta PU Synthetic Leather Laptop Backpack for 15.6 inch Laptop - Trendy Everyday Carry College Backpack Bag - Black,"1,616",4.1,(31)
/Leaderachi-Genuine-Vintage-Leather-Shoulder/dp/B07NDG5MYR,LEADERACHI Women's Genuine Vintage Hunter Leather Shoulder Laptop Tote Bag,"3,492",4.3,(24)
/Baggit-Womens-Satchel-Handbag-Green/dp/B098TJWT8K,Baggit Women's Sling Bag - S1 (Green),679,4.0,(158)
/F-Gear-Bi-Frost-Executive-Backpack/dp/B071R75MH3,F Gear Bi Frost Executive 28 Liter Laptop Backpack (Brown),830,4.4,(622)
/Abhsant-Foldable-Duffle-Bag-Compartments/dp/B0BXB1QPWV,"Abhsant Sports Gym Foldable Travel Duffle Bag, Sports Duffle Bag, Shoulder Handbag for Women, Outdoor Weekend Bag with Shoe and Wet Clothes Compartments (Purple)",899,New to Amazon,N/A
/F-Gear-Bi-Frost-Executive-Backpack/dp/B071R75MH3,F Gear Bi Frost Executive 28 Liter Laptop Backpack (Brown),830,4.4,(622)
/Abhsant-Foldable-Duffle-Bag-Compartments/dp/B0BXB1QPWV,"Abhsant Sports Gym Foldable Travel Duffle Bag, Sports Duffle Bag, Shoulder Handbag for Women, Outdoor Weekend Bag with Shoe and Wet Clothes Compartments (Purple)",899,New to Amazon,N/A
/ASTRID-Printed-Light-Laptop-Messenger/dp/B09MLQ5HSZ,ASTRID 17'' Printed Light Green Laptop Messenger Bag,"1,099",5.0,(1)
/Wildcraft-Cracks-Backpack-Red-11910/dp/B0837H9XSY,Wildcraft WC 1 Cracks Backpack Red (11910),"1,199",3.9,(12)
/NYTRYD-Computers-Backpacks-Mountaineering-Capacity/dp/B0BSQ7PFV8,NYTRYD Cloth Storage Bag Two Types Handle Handbag Computers Laptop Backpacks Mountaineering Large Capacity Bag for Men & Women (Grey),"1,199",New to Amazon,N/A
/Safari-Formal-Backpack-Anti-Theft-VAULT19CBBLK/dp/B07XSTR69N,"Safari 48 Cms Black Formal/Office/Laptop Backpack With Anti-Theft, Lock, Usb And Rfid (Vault19Cbblk)","1,499",4.0,(818)
/GLIVE-LABEL-Waterproof-Running-Accessories/dp/B07PXR21PK,GLIVE (LABEL) Sport Waist Bag Running Belt Waterproof Mobile Phone Holder Pouch Jogging Belt Belly Bag Women Gym Fitness Bag Outdoor Sport Waist Belt Bag,398,3.3,(6)
/Hammonds-Flycatcher-Messenger-Compartment-LB126BN/dp/B07PVQ9YXJ,Hammonds Flycatcher Genuine Leather Executive Formal Convertable Office Bag | Backpack | Shoulder Laptop Messenger Bag For Men | MacBook | NoteBook Upto 16 Inch | Handbags with Shoulder Straps | 2 Main Compartments |ZIpper Trolley Straps |Brown| LB126BN,"5,199",4.3,(46)
/Hilfiger-Coppel-Backpack-TH-COPPELLAP08/dp/B07GRCXMDW,Tommy Hilfiger Coppel 20 Ltrs Navy Laptop Backpack (TH/COPPELLAP08),"1,739",4.0,(42)
/Oscaurt-Backpack-Business-Resistant-Charging/dp/B072ZXD8LD,Oscaurt Anti theft Travel Backpack Business Water Resistant Bag with USB Charging Port and Hidden Pocket for College Student Work Men,999,4.5,"(1,519)"
/Wesley-Waterproof-Backpack-Business-Dimensions/dp/B0BMQ4D59H,Wesley Ignite Casual Waterproof Laptop Backpack/Office Bag/School Bag/College Bag/Business Bag/Travel Backpack (Dimensions:13x18.5 inches) (Compatible with 39.62cm(15.6inch laptop),610,4.2,(16)
/Skybags-Unisex-Gucci-Fabric-Backpacks/dp/B0B21XCFRM,Skybags Unisex Blue Gucci Fabric 27L Backpacks,908,3.7,(22)
/Cosmus-Office-Laptop-Epilax-Messenger/dp/B09SHW8J1L,COSMUS Office Laptop Bag Epilax Laptop Messenger Bag,"1,442",4.0,(39)
/KILLER-Polyester-Orange-Laptop-Backpack/dp/B07B516P18,KILLER Casual College Bags Munich 29L Trendy Polyester Laptop Backpack,"1,047",4.2,(718)
/Hammonds-Flycatcher-Brown-Mens-Laptop/dp/B01LYDRI9V,"HAMMONDS FLYCATCHER Genuine Leather Laptop Bag for Men/Office Bag for Men, Brown | Fits Upto 16 Inch Laptop/MacBook | Leather Bag with Shoulder Straps | Laptop Messenger Bag/Leather Bag for Men","2,999",4.4,"(2,371)"
/Lino-Perros-Women-Colored-Backpack/dp/B084TPL24S,Lino Perros Backpack,"1,293",4.4,(180)
/Birthday-Popper-Unicorn-Drawstring-Return/dp/B097FSPNCS,Birthday Popper Drawstring Sack Bag (Set of 15) Birthday Return Gifts for All Age Group,599,4.0,(716)
/Arctic-Earphone-Scratch-Resistant-Shoulder/dp/B0B6GBH3RG,"Arctic Hunter Sling Bag for Men,Side Bag Chest Bag for men with USB/Earphone Jack and Water Bottle Pocket,Tablet Bag Water/Scratch Resistant Shoulder Bag for Men with two Handle for Travel Daily Use,Black","1,709",4.1,(23)
